cust_no,firstname,lastname,email,city,phonenumber
1,John,Doe,johndoe@example.com,New York,(555) 123-4567
2,Jane,Smith,janesmith@example.com,Los Angeles,(555) 987-6543
3,Alice,Johnson,alicejohnson@example.com,Chicago,(555) 456-7890
4,Michael,Williams,michaelwilliams@example.com,Houston,(555) 789-0123
5,Emily,Brown,emilybrown@example.com,Miami,(555) 234-5678
6,James,Jackson,jamesjackson@example.com,San Francisco,(555) 890-1234
7,Sarah,Anderson,sarahanderson@example.com,Seattle,(555) 345-6789
8,David,Martin,davidmartin@example.com,Boston,(555) 901-2345
9,Emma,Thompson,emmathompson@example.com,Atlanta,(555) 678-9012
10,Christopher,White,christopherwhite@example.com,Dallas,(555) 123-4567
11,Olivia,Miller,oliviamiller@example.com,Phoenix,(555) 987-6543
12,Liam,Davis,liamdavis@example.com,Philadelphia,(555) 456-7890
13,Isabella,Garcia,isabellagarcia@example.com,San Antonio,(555) 789-0123
14,Mason,Rodriguez,masonrodriguez@example.com,San Diego,(555) 234-5678
15,Elizabeth,Martinez,elizabethmartinez@example.com,Detroit,(555) 890-1234
16,Elijah,Hernandez,elijahhernandez@example.com,Dallas,(555) 345-6789
17,Amelia,Lopez,amelialopez@example.com,Indianapolis,(555) 901-2345
18,Alexander,Gonzalez,alexandergonzalez@example.com,San Jose,(555) 678-9012
19,Sophia,Wilson,sophiawilson@example.com,Jacksonville,(555) 123-4567
20,William,Anderson,williamanderson@example.com,San Francisco,(555) 987-6543
21,Abigail,Taylor,abigailtaylor@example.com,Austin,(555) 456-7890
22,Jameson,Thomas,jamesonthomas@example.com,Columbus,(555) 789-0123
23,Madison,Hernandez,madisonhernandez@example.com,Charlotte,(555) 234-5678
24,Charlotte,Moore,charlottemoore@example.com,San Antonio,(555) 890-1234
25,Noah,Martin,noahmartin@example.com,El Paso,(555) 345-6789
26,Ella,Lee,ellalee@example.com,Memphis,(555) 901-2345
27,Benjamin,Perez,benjaminperez@example.com,Boston,(555) 678-9012
28,Avery,Martinez,averymartinez@example.com,Seattle,(555) 123-4567
29,Scarlett,Gonzalez,scarlettgonzalez@example.com,Baltimore,(555) 987-6543
30,Lucas,Evans,lucasevans@example.com,San Francisco,(555) 456-7890
31,Chloe,Gomez,chloegomez@example.com,Denver,(555) 789-0123
32,Lily,Reyes,lilyreyes@example.com,Nashville,(555) 234-5678
33,Grayson,Wood,graysonwood@example.com,Oklahoma City,(555) 890-1234
34,Lincoln,Collins,lincolncollins@example.com,Portland,(555) 345-6789
35,Zoey,Jones,zoeyjones@example.com,Las Vegas,(555) 901-2345
36,Levi,Hall,levihall@example.com,Louisville,(555) 678-9012
37,Hannah,Kelly,hannahkelly@example.com,Milwaukee,(555) 123-4567
38,Evelyn,Gonzalez,evelyngonzalez@example.com,Albuquerque,(555) 987-6543
39,Jackson,Harris,jacksonharris@example.com,Fresno,(555) 456-7890
40,Victoria,Clark,victoriaclark@example.com,Sacramento,(555) 789-0123
41,Michaela,Murphy,michaelamurphy@example.com,Long Beach,(555) 234-5678
42,Nathaniel,Young,nathanielyoung@example.com,Kansas City,(555) 890-1234
43,Madelyn,Turner,madelynturner@example.com,Mesa,(555) 345-6789
44,Joseph,Wright,josephwright@example.com,Atlanta,(555) 901-2345
45,Harper,Scott,harperscott@example.com,Raleigh,(555) 678-9012
46,Adeline,Hernandez,adelinehernandez@example.com,Virginia Beach,(555) 123-4567
47,Evelyn,Phillips,evelynphillips@example.com,Omaha,(555) 987-6543
48,Isaac,Garcia,isaacgarcia@example.com,Colorado Springs,(555) 456-7890
49,Claire,King,claireking@example.com,Oakland,(555) 789-0123
50,Julian,Bennett,julianbennett@example.com,Minneapolis,(555) 234-5678
51,Aria,Richardson,ariarichardson@example.com,Tulsa,(555) 890-1234
52,Landon,Flores,landonflores@example.com,Wichita,(555) 345-6789
53,Elena,Reyes,elenareyes@example.com,New Orleans,(555) 901-2345
54,Christian,Butler,christianbutler@example.com,Arlington,(555) 678-9012
55,Penelope,Barnes,penelopebarnes@example.com,Bakersfield,(555) 123-4567
56,Anthony,Fisher,anthonyfisher@example.com,Tampa,(555) 987-6543
57,Aurora,Adams,auroraadams@example.com,Honolulu,(555) 456-7890
58,Archer,Gutierrez,archergutierrez@example.com,Anaheim,(555) 789-0123
59,Grace,Lee,gracelee@example.com,Corpus Christi,(555) 234-5678
60,Miles,Murray,milesmurray@example.com,Pittsburgh,(555) 890-1234
61,Isabella,Reed,isabellareed@example.com,Anchorage,(555) 345-6789
62,Hudson,Simmons,hudsonsimmons@example.com,Stockton,(555) 901-2345
63,Lucy,James,lucyjames@example.com,Cincinnati,(555) 678-9012
64,Emilia,Rossi,emiliarossi@example.com,Toledo,(555) 123-4567
65,Sebastian,Diaz,sebastiandiaz@example.com,Saint Paul,(555) 987-6543
66,Audrey,Evans,audreyevans@example.com,Newark,(555) 456-7890
67,Nolan,Johnson,nolanjohnson@example.com,Greensboro,(555) 789-0123
68,Lincoln,Watson,lincolnwatson@example.com,Plano,(555) 234-5678
69,Skylar,Brooks,skylarbrooks@example.com,Henderson,(555) 890-1234
70,Hailey,Gray,haileygray@example.com,Orlando,(555) 345-6789
71,Kai,Hall,kaihall@example.com,Jersey City,(555) 901-2345
72,Addison,Flores,addisonflores@example.com,Chula Vista,(555) 678-9012
73,Elena,Stewart,elenastewart@example.com,Durham,(555) 123-4567
74,Jeremiah,Hughes,jeremiahhughes@example.com,St. Louis,(555) 987-6543
75,Brooklyn,Price,brooklynprice@example.com,Laredo,(555) 456-7890
76,Audrey,Kelly,audreykelly@example.com,Madison,(555) 789-0123
77,Julian,Griffin,juliangriffin@example.com,Norfolk,(555) 234-5678
78,Ruby,Myers,rubymyers@example.com,Lubbock,(555) 890-1234
79,David,Lewis,davidlewis@example.com,Jersey City,(555) 345-6789
80,Samantha,Rossi,samantharossi@example.com,Garland,(555) 901-2345
81,Layla,Butler,laylabutler@example.com,Richmond,(555) 678-9012
82,Benjamin,Hill,benjaminhill@example.com,Richmond,(555) 123-4567
83,Caroline,Watson,carolinewatson@example.com,Baton Rouge,(555) 987-6543
84,Maxwell,Morgan,maxwellmorgan@example.com,Rochester,(555) 456-7890
85,Piper,Bryant,piperbryant@example.com,Glendale,(555) 789-0123
86,Grace,Chavez,gracechavez@example.com,Tacoma,(555) 234-5678
87,Gabriel,Holmes,gabrielholmes@example.com,San Bernardino,(555) 890-1234
88,Ryan,Gomez,ryangomez@example.com,Irvine,(555) 345-6789
89,Lyla,Reid,lylareid@example.com,Amarillo,(555) 901-2345
90,Lincoln,Edwards,lincolnedwards@example.com,Boise,(555) 678-9012
91,Clara,Knight,claraknight@example.com,Spokane,(555) 123-4567
92,Jace,Lopez,jacelopez@example.com,Modesto,(555) 987-6543
93,Luna,Hayes,lunahayes@example.com,Tallahassee,(555) 456-7890
94,Bryson,Olson,brysonolson@example.com,Santa Ana,(555) 789-0123
95,Mackenzie,Fisher,mackenziefisher@example.com,Knoxville,(555) 234-5678
96,Landon,Porter,landonporter@example.com,Fontana,(555) 890-1234
97,Rylee,Perez,ryleeperez@example.com,Oxnard,(555) 345-6789
98,Nora,Cook,noracook@example.com,Salt Lake City,(555) 901-2345
99,Lincoln,Sullivan,lincolnsullivan@example.com,Worcester,(555) 678-9012
100,Asher,Garcia,ashergarcia@example.com,Grand Rapids,(555) 123-4567101